{"train/loss": 0.1442, "train/learning_rate": 0.0, "train/epoch": 1.93, "train/global_step": 34, "_timestamp": 1723661264.4528704, "_runtime": 1937.4472773075104, "_step": 36, "eval/loss": 0.14460524916648865, "eval/runtime": 15.7478, "eval/samples_per_second": 15.113, "eval/steps_per_second": 7.557, "train/train_runtime": 1921.0344, "train/train_samples_per_second": 4.697, "train/train_steps_per_second": 0.018, "train/total_flos": 2.5916648298902323e+17, "train/train_loss": 0.19733574416707544, "_wandb": {"runtime": 1958}}