{"train/loss": 0.5723, "train/learning_rate": 1.0000000000000002e-06, "train/epoch": 0.11, "train/global_step": 2, "_timestamp": 1723177001.035067, "_runtime": 100.55553317070007, "_step": 1, "_wandb": {"runtime": 134}}