{"eval/loss": 0.4554843008518219, "eval/model_preparation_time": 0.0002, "eval/runtime": 4.097, "eval/samples_per_second": 2.929, "eval/steps_per_second": 2.929, "train/global_step": 11, "_timestamp": 1727203606.431436, "_runtime": 328.77591013908386, "_step": 11, "train/loss": 0.4529, "train/grad_norm": 13.125, "train/learning_rate": 5.5e-07, "train/epoch": 0.6027397260273972, "_wandb": {"runtime": 329}}