{"eval/loss": 0.2127884179353714, "eval/model_preparation_time": 0.0002, "eval/runtime": 4.8232, "eval/samples_per_second": 4.147, "eval/steps_per_second": 4.147, "train/global_step": 122, "_timestamp": 1727295504.1643052, "_runtime": 1514.1287422180176, "_step": 124, "train/loss": 0.199, "train/grad_norm": 1.90625, "train/learning_rate": 0.0, "train/epoch": 0.9933842239185751, "train_runtime": 1489.825, "train_samples_per_second": 1.319, "train_steps_per_second": 0.082, "total_flos": 1.7740889931155866e+17, "train_loss": 0.267385083998813, "_wandb": {"runtime": 1555}}