{"train/loss": 0.4572, "train/learning_rate": 2.5e-06, "train/epoch": 0.28, "train/global_step": 5, "_timestamp": 1723424504.4120812, "_runtime": 234.53426122665405, "_step": 4, "_wandb": {"runtime": 274}}