{"train/loss": 0.1196, "train/learning_rate": 0.0, "train/epoch": 1.93, "train/global_step": 34, "_timestamp": 1723569428.4535563, "_runtime": 1897.0962584018707, "_step": 36, "eval/loss": 0.1355806291103363, "eval/runtime": 14.7073, "eval/samples_per_second": 16.182, "eval/steps_per_second": 8.091, "train/train_runtime": 1877.2696, "train/train_samples_per_second": 4.807, "train/train_steps_per_second": 0.018, "train/total_flos": 2.605952705480786e+17, "train/train_loss": 0.16880059724344926, "_wandb": {"runtime": 1916}}