{"train/loss": 0.1862, "train/learning_rate": 0.0, "train/epoch": 1.93, "train/global_step": 34, "_timestamp": 1723425465.4613554, "_runtime": 1658.0799164772034, "_step": 36, "eval/loss": 0.2127310186624527, "eval/runtime": 12.5745, "eval/samples_per_second": 18.927, "eval/steps_per_second": 9.464, "train/train_runtime": 1641.2193, "train/train_samples_per_second": 5.498, "train/train_steps_per_second": 0.021, "train/total_flos": 2.14617850530005e+17, "train/train_loss": 0.2889063086579828, "_wandb": {"runtime": 1680}}