{"train/loss": 0.1355, "train/learning_rate": 0.0, "train/epoch": 1.89, "train/global_step": 28, "_timestamp": 1718726157.7475183, "_runtime": 486.85887718200684, "_step": 30, "eval/loss": 0.13574540615081787, "eval/runtime": 3.3123, "eval/samples_per_second": 15.095, "eval/steps_per_second": 7.548, "train/train_runtime": 478.9175, "train/train_samples_per_second": 3.967, "train/train_steps_per_second": 0.058, "train/total_flos": 5.521496161955021e+16, "train/train_loss": 0.1591117206428732, "_wandb": {"runtime": 532}}