{"train/loss": 0.0991, "train/learning_rate": 0.0, "train/epoch": 3.86, "train/global_step": 68, "_timestamp": 1723482355.097109, "_runtime": 3201.5195031166077, "_step": 72, "eval/loss": 0.18625660240650177, "eval/runtime": 12.3812, "eval/samples_per_second": 19.223, "eval/steps_per_second": 9.611, "train/train_runtime": 3186.6936, "train/train_samples_per_second": 5.664, "train/train_steps_per_second": 0.021, "train/total_flos": 4.252223075030139e+17, "train/train_loss": 0.1964119849178721, "_wandb": {"runtime": 3216}}