{"train/loss": 0.1952, "train/learning_rate": 0.0, "train/epoch": 1.99, "train/global_step": 72, "_timestamp": 1720395359.7393618, "_runtime": 3312.9974887371063, "_step": 74, "eval/loss": 0.21317575871944427, "eval/runtime": 29.2562, "eval/samples_per_second": 16.68, "eval/steps_per_second": 8.34, "train/train_runtime": 3292.4639, "train/train_samples_per_second": 5.626, "train/train_steps_per_second": 0.022, "train/total_flos": 4.3496976370640486e+17, "train/train_loss": 0.251786547816462, "_wandb": {"runtime": 3330}}