{"train/loss": 0.2254, "train/grad_norm": 5.03125, "train/learning_rate": 0.0, "train/epoch": 1.9290780141843973, "train/global_step": 34, "_timestamp": 1723691659.751801, "_runtime": 2023.8736109733582, "_step": 36, "eval/loss": 0.2291717827320099, "eval/runtime": 15.3978, "eval/samples_per_second": 15.457, "eval/steps_per_second": 7.728, "train_runtime": 2007.8585, "train_samples_per_second": 4.494, "train_steps_per_second": 0.017, "total_flos": 2.6187401965309133e+17, "train_loss": 0.24735722953782363, "_wandb": {"runtime": 2040}}