{"train/loss": 0.2205, "train/learning_rate": 8.653846153846155e-06, "train/epoch": 0.75, "train/global_step": 27, "_timestamp": 1720391717.614847, "_runtime": 1152.349364042282, "_step": 26, "_wandb": {"runtime": 1187}}