{"train/loss": 0.1104, "train/learning_rate": 0.0, "train/epoch": 2.99, "train/global_step": 111, "_timestamp": 1718917484.3000193, "_runtime": 3111.734583377838, "_step": 114, "eval/loss": 0.12632709741592407, "eval/runtime": 16.0643, "eval/samples_per_second": 15.562, "eval/steps_per_second": 7.781, "train/train_runtime": 3093.4535, "train/train_samples_per_second": 4.607, "train/train_steps_per_second": 0.036, "train/total_flos": 4.3682678226724454e+17, "train/train_loss": 0.13651381104110596, "_wandb": {"runtime": 3130}}