{"train/loss": 0.2956, "train/grad_norm": 2.015625, "train/learning_rate": 0.0, "train/epoch": 0.9922480620155039, "train/global_step": 20, "_timestamp": 1726960103.9338083, "_runtime": 635.2207682132721, "_step": 21, "eval/loss": 0.2874700129032135, "eval/runtime": 7.5014, "eval/samples_per_second": 4.532, "eval/steps_per_second": 4.532, "train_runtime": 625.5567, "train_samples_per_second": 1.031, "train_steps_per_second": 0.032, "total_flos": 5.866521564885811e+16, "train_loss": 0.39206289649009707, "_wandb": {"runtime": 688}}