{"train/loss": 0.3763, "train/learning_rate": 0.0, "train/epoch": 2.99, "train/global_step": 111, "_timestamp": 1719515060.3926044, "_runtime": 2426.5292122364044, "_step": 114, "eval/loss": 0.3685271739959717, "eval/runtime": 12.7173, "eval/samples_per_second": 19.658, "eval/steps_per_second": 9.829, "train/train_runtime": 2413.5063, "train/train_samples_per_second": 5.904, "train/train_steps_per_second": 0.046, "train/total_flos": 3.175571084539822e+17, "train/train_loss": 0.4101474564354699, "_wandb": {"runtime": 2447}}