{"train/loss": 0.1157, "train/learning_rate": 0.0, "train/epoch": 2.99, "train/global_step": 111, "_timestamp": 1719169299.5035825, "_runtime": 3101.8693923950195, "_step": 114, "eval/loss": 0.1268291175365448, "eval/runtime": 16.7338, "eval/samples_per_second": 14.94, "eval/steps_per_second": 7.47, "train/train_runtime": 3086.6823, "train/train_samples_per_second": 4.617, "train/train_steps_per_second": 0.036, "train/total_flos": 4.328348227751117e+17, "train/train_loss": 0.14253946541397422, "_wandb": {"runtime": 3123}}