{"train/loss": 0.385, "train/learning_rate": 0.0, "train/epoch": 2.99, "train/global_step": 96, "_timestamp": 1718684094.1053176, "_runtime": 1428.7979865074158, "_step": 96, "train/train_runtime": 1418.5994, "train/train_samples_per_second": 4.342, "train/train_steps_per_second": 0.068, "train/total_flos": 1.884603211668603e+17, "train/train_loss": 0.40682867417732876, "_wandb": {"runtime": 1448}}