{"train/loss": 0.2545, "train/learning_rate": 9.5e-06, "train/epoch": 0.53, "train/global_step": 19, "_timestamp": 1720294369.1538486, "_runtime": 818.935352563858, "_step": 18}