{"train/loss": 0.1327, "train/learning_rate": 0.0, "train/epoch": 1.93, "train/global_step": 34, "_timestamp": 1723656099.576361, "_runtime": 1921.6311600208282, "_step": 36, "eval/loss": 0.14341361820697784, "eval/runtime": 15.3022, "eval/samples_per_second": 15.553, "eval/steps_per_second": 7.777, "train/train_runtime": 1906.264, "train/train_samples_per_second": 4.734, "train/train_steps_per_second": 0.018, "train/total_flos": 2.6074026569274163e+17, "train/train_loss": 0.18390943592085557, "_wandb": {"runtime": 1947}}