{"eval/loss": 0.26531359553337097, "eval/model_preparation_time": 0.0002, "eval/runtime": 5.0654, "eval/samples_per_second": 3.948, "eval/steps_per_second": 3.948, "train/global_step": 9, "_timestamp": 1727290087.303602, "_runtime": 97.64784502983093, "_step": 9, "train/loss": 0.3286, "train/grad_norm": 9.6875, "train/learning_rate": 4.5e-07, "train/epoch": 0.0732824427480916, "_wandb": {"runtime": 106}}