{"train/loss": 0.5699, "train/learning_rate": 1.0000000000000002e-06, "train/epoch": 0.11, "train/global_step": 2, "_timestamp": 1723178143.2136858, "_runtime": 100.27676367759705, "_step": 1}