{"train/loss": 0.2114, "train/learning_rate": 0.0, "train/epoch": 1.93, "train/global_step": 34, "_timestamp": 1723179655.4322557, "_runtime": 1612.4953336715698, "_step": 36, "eval/loss": 0.21178419888019562, "eval/runtime": 14.328, "eval/samples_per_second": 16.611, "eval/steps_per_second": 8.305, "train/train_runtime": 1597.0594, "train/train_samples_per_second": 5.65, "train/train_steps_per_second": 0.021, "train/total_flos": 2.0244339174678528e+17, "train/train_loss": 0.3246014109429191, "_wandb": {"runtime": 1629}}