{"eval/loss": 0.4276711940765381, "eval/model_preparation_time": 0.0002, "eval/runtime": 5.5772, "eval/samples_per_second": 1.793, "eval/steps_per_second": 0.897, "train/global_step": 14, "_timestamp": 1726964640.125635, "_runtime": 201.46189999580383, "_step": 14, "train/loss": 0.4213, "train/grad_norm": 9.1875, "train/learning_rate": 7e-07, "train/epoch": 0.22626262626262628}