{"eval/loss": 0.4276711940765381, "eval/model_preparation_time": 0.0002, "eval/runtime": 5.5772, "eval/samples_per_second": 1.793, "eval/steps_per_second": 0.897, "train/global_step": 15, "_timestamp": 1726964651.251108, "_runtime": 212.58737301826477, "_step": 15, "train/loss": 0.4608, "train/grad_norm": 8.9375, "train/learning_rate": 7.5e-07, "train/epoch": 0.24242424242424243, "_wandb": {"runtime": 219}}