{"train/loss": 0.1166, "train/grad_norm": 0.984375, "train/learning_rate": 0.0, "train/epoch": 1.9290780141843973, "train/global_step": 34, "_timestamp": 1723702438.6700826, "_runtime": 2014.7733566761017, "_step": 36, "eval/loss": 0.13664360344409943, "eval/runtime": 15.0926, "eval/samples_per_second": 15.769, "eval/steps_per_second": 7.885, "train_runtime": 1998.4608, "train_samples_per_second": 4.515, "train_steps_per_second": 0.017, "total_flos": 2.612421650351063e+17, "train_loss": 0.16643066616619334, "_wandb": {"runtime": 2031}}