{"train/loss": 0.1826, "train/learning_rate": 4.935064935064935e-06, "train/epoch": 0.37, "train/global_step": 11, "_timestamp": 1718732625.6604173, "_runtime": 298.0534973144531, "_step": 10, "_wandb": {"runtime": 313}}