{"train/loss": 0.1399, "train/learning_rate": 4.395604395604396e-06, "train/epoch": 0.84, "train/global_step": 31, "_timestamp": 1718912161.7352996, "_runtime": 823.6469066143036, "_step": 30}