{"train/loss": 0.1309, "train/grad_norm": 1.09375, "train/learning_rate": 0.0, "train/epoch": 1.9290780141843973, "train/global_step": 34, "_timestamp": 1723768972.303131, "_runtime": 2028.6818280220032, "_step": 36, "eval/loss": 0.13727740943431854, "eval/runtime": 15.6284, "eval/samples_per_second": 15.229, "eval/steps_per_second": 7.614, "train_runtime": 2012.4047, "train_samples_per_second": 4.484, "train_steps_per_second": 0.017, "total_flos": 2.60363638553002e+17, "train_loss": 0.18447060970699086, "_wandb": {"runtime": 2047}}