{"train/loss": 0.0603, "train/learning_rate": 0.0, "train/epoch": 3.86, "train/global_step": 68, "_timestamp": 1723483534.3452132, "_runtime": 4053.1206572055817, "_step": 72, "eval/loss": 0.12569010257720947, "eval/runtime": 15.7294, "eval/samples_per_second": 15.131, "eval/steps_per_second": 7.565, "train/train_runtime": 4037.4719, "train/train_samples_per_second": 4.47, "train/train_steps_per_second": 0.017, "train/total_flos": 5.3155670328950784e+17, "train/train_loss": 0.11221259536550325, "_wandb": {"runtime": 4082}}