{"train/loss": 0.1291, "train/learning_rate": 0.0, "train/epoch": 1.93, "train/global_step": 34, "_timestamp": 1723587366.2573032, "_runtime": 1976.087878227234, "_step": 36, "eval/loss": 0.13995610177516937, "eval/runtime": 15.0427, "eval/samples_per_second": 15.822, "eval/steps_per_second": 7.911, "train/train_runtime": 1958.0073, "train/train_samples_per_second": 4.609, "train/train_steps_per_second": 0.017, "train/total_flos": 2.6066524646572032e+17, "train/train_loss": 0.18076224143014236, "_wandb": {"runtime": 1997}}