{"train/loss": 0.0639, "train/learning_rate": 0.0, "train/epoch": 2.99, "train/global_step": 111, "_timestamp": 1718903939.1510594, "_runtime": 3111.5201025009155, "_step": 114, "eval/loss": 0.1311505138874054, "eval/runtime": 16.6931, "eval/samples_per_second": 14.976, "eval/steps_per_second": 7.488, "train/train_runtime": 3096.4309, "train/train_samples_per_second": 4.602, "train/train_steps_per_second": 0.036, "train/total_flos": 4.358742272081756e+17, "train/train_loss": 0.10800484040970201, "_wandb": {"runtime": 3132}}