{"train/loss": 0.0671, "train/learning_rate": 0.0, "train/epoch": 2.93, "train/global_step": 87, "_timestamp": 1718743547.781406, "_runtime": 2500.229331970215, "_step": 90, "eval/loss": 0.13328184187412262, "eval/runtime": 13.1885, "eval/samples_per_second": 15.165, "eval/steps_per_second": 7.582, "train/train_runtime": 2485.6309, "train/train_samples_per_second": 4.586, "train/train_steps_per_second": 0.035, "train/total_flos": 3.4167259284342374e+17, "train/train_loss": 0.11466633254426649, "_wandb": {"runtime": 2523}}