{"train/loss": 0.5824, "train/learning_rate": 1.0714285714285714e-06, "train/epoch": 0.06, "train/global_step": 6, "_timestamp": 1718666811.7476277, "_runtime": 82.45380783081055, "_step": 5}