{"train/loss": 0.1192, "train/learning_rate": 0.0, "train/epoch": 1.93, "train/global_step": 34, "_timestamp": 1723427625.780462, "_runtime": 1881.2334790229797, "_step": 36, "eval/loss": 0.13225997984409332, "eval/runtime": 15.2863, "eval/samples_per_second": 15.57, "eval/steps_per_second": 7.785, "train/train_runtime": 1860.5372, "train/train_samples_per_second": 4.85, "train/train_steps_per_second": 0.018, "train/total_flos": 2.5197094133170176e+17, "train/train_loss": 0.17254531975178158, "_wandb": {"runtime": 1900}}