{"train/loss": 0.119, "train/grad_norm": 1.03125, "train/learning_rate": 0.0, "train/epoch": 1.9290780141843973, "train/global_step": 34, "_timestamp": 1723758591.980918, "_runtime": 2087.309180021286, "_step": 36, "eval/loss": 0.1358671486377716, "eval/runtime": 15.1998, "eval/samples_per_second": 15.658, "eval/steps_per_second": 7.829, "train_runtime": 2071.1557, "train_samples_per_second": 4.357, "train_steps_per_second": 0.016, "total_flos": 2.601824396517212e+17, "train_loss": 0.17154663691625877, "_wandb": {"runtime": 2151}}