{"train/loss": 0.1143, "train/learning_rate": 0.0, "train/epoch": 1.93, "train/global_step": 34, "_timestamp": 1723409786.3405807, "_runtime": 1873.982748746872, "_step": 36, "eval/loss": 0.12995164096355438, "eval/runtime": 15.0793, "eval/samples_per_second": 15.783, "eval/steps_per_second": 7.892, "train/train_runtime": 1857.1054, "train/train_samples_per_second": 4.859, "train/train_steps_per_second": 0.018, "train/total_flos": 2.572843379403817e+17, "train/train_loss": 0.1673241075785721, "_wandb": {"runtime": 1890}}