{"train/loss": 0.1934, "train/learning_rate": 0.0, "train/epoch": 2.99, "train/global_step": 111, "_timestamp": 1719165447.93894, "_runtime": 2591.503513097763, "_step": 114, "eval/loss": 0.2067716419696808, "eval/runtime": 12.9971, "eval/samples_per_second": 19.235, "eval/steps_per_second": 9.617, "train/train_runtime": 2574.9487, "train/train_samples_per_second": 5.534, "train/train_steps_per_second": 0.043, "train/total_flos": 3.448061990909706e+17, "train/train_loss": 0.24193660659832997, "_wandb": {"runtime": 2618}}