{"train/loss": 0.1046, "train/learning_rate": 0.0, "train/epoch": 1.93, "train/global_step": 34, "_timestamp": 1723408657.5514996, "_runtime": 1999.1340246200562, "_step": 36, "eval/loss": 0.12487158924341202, "eval/runtime": 16.0715, "eval/samples_per_second": 14.809, "eval/steps_per_second": 7.404, "train/train_runtime": 1981.9221, "train/train_samples_per_second": 4.553, "train/train_steps_per_second": 0.017, "train/total_flos": 2.7320192293330944e+17, "train/train_loss": 0.1584919526734773, "_wandb": {"runtime": 2018}}