{"train/loss": 0.2269, "train/grad_norm": 4.34375, "train/learning_rate": 0.0, "train/epoch": 1.9290780141843973, "train/global_step": 34, "_timestamp": 1723694860.008444, "_runtime": 2019.2735431194305, "_step": 36, "eval/loss": 0.23010340332984924, "eval/runtime": 15.2664, "eval/samples_per_second": 15.59, "eval/steps_per_second": 7.795, "train_runtime": 2002.8845, "train_samples_per_second": 4.506, "train_steps_per_second": 0.017, "total_flos": 2.6038201060859904e+17, "train_loss": 0.24882863812586842, "_wandb": {"runtime": 2035}}