{"train/loss": 0.1397, "train/learning_rate": 0.0, "train/epoch": 1.99, "train/global_step": 70, "_timestamp": 1719964534.0534418, "_runtime": 1785.9066457748413, "_step": 72, "eval/loss": 0.18349555134773254, "eval/runtime": 16.2144, "eval/samples_per_second": 14.678, "eval/steps_per_second": 7.339, "train/train_runtime": 1770.0756, "train/train_samples_per_second": 5.098, "train/train_steps_per_second": 0.04, "train/total_flos": 2.3252493101408256e+17, "train/train_loss": 0.21621963935238975, "_wandb": {"runtime": 1801}}