{"train/loss": 0.1384, "train/learning_rate": 0.0, "train/epoch": 2.99, "train/global_step": 96, "_timestamp": 1718689047.7339244, "_runtime": 1493.893782377243, "_step": 99, "eval/loss": 0.1512097418308258, "eval/runtime": 15.3765, "eval/samples_per_second": 14.893, "eval/steps_per_second": 7.479, "train/train_runtime": 1482.4302, "train/train_samples_per_second": 4.155, "train/train_steps_per_second": 0.065, "train/total_flos": 1.883823750192169e+17, "train/train_loss": 0.16813771147280931, "_wandb": {"runtime": 1515}}