{"train/loss": 0.3508, "train/grad_norm": 0.8828125, "train/learning_rate": 0.0, "train/epoch": 1.943600867678959, "train/global_step": 28, "_timestamp": 1726865161.2578905, "_runtime": 1196.1549713611603, "_step": 30, "eval/loss": 0.37473025918006897, "eval/runtime": 8.6968, "eval/samples_per_second": 5.634, "eval/steps_per_second": 5.634, "train_runtime": 1184.9431, "train_samples_per_second": 1.556, "train_steps_per_second": 0.024, "total_flos": 1.2924362864325427e+17, "train_loss": 0.4301426751273019, "_wandb": {"runtime": 1225}}