{"train/loss": 0.1734, "train/learning_rate": 0.0, "train/epoch": 1.93, "train/global_step": 34, "_timestamp": 1723178905.229846, "_runtime": 1613.8758881092072, "_step": 36, "eval/loss": 0.21080920100212097, "eval/runtime": 13.4986, "eval/samples_per_second": 17.632, "eval/steps_per_second": 8.816, "train/train_runtime": 1599.4503, "train/train_samples_per_second": 5.642, "train/train_steps_per_second": 0.021, "train/total_flos": 2.0476691642523648e+17, "train/train_loss": 0.29963327549836216}