{"train/loss": 0.1473, "train/grad_norm": 1.1796875, "train/learning_rate": 0.0, "train/epoch": 1.9290780141843973, "train/global_step": 34, "_timestamp": 1723764949.310781, "_runtime": 2018.9430599212646, "_step": 36, "eval/loss": 0.15339986979961395, "eval/runtime": 15.0255, "eval/samples_per_second": 15.84, "eval/steps_per_second": 7.92, "train_runtime": 2002.6906, "train_samples_per_second": 4.506, "train_steps_per_second": 0.017, "total_flos": 2.6093659452216115e+17, "train_loss": 0.1961240299484309, "_wandb": {"runtime": 2038}}