{"train/loss": 0.1051, "train/learning_rate": 0.0, "train/epoch": 2.98, "train/global_step": 105, "_timestamp": 1719859493.886909, "_runtime": 2957.9524800777435, "_step": 108, "eval/loss": 0.12542742490768433, "eval/runtime": 15.7063, "eval/samples_per_second": 15.153, "eval/steps_per_second": 7.577, "train/train_runtime": 2939.407, "train/train_samples_per_second": 4.605, "train/train_steps_per_second": 0.036, "train/total_flos": 4.096575740484649e+17, "train/train_loss": 0.13465598225593567, "_wandb": {"runtime": 2975}}