{"train/loss": 0.3655, "train/grad_norm": 5.875, "train/learning_rate": 0.0, "train/epoch": 0.986784140969163, "train/global_step": 70, "_timestamp": 1726868028.0753493, "_runtime": 907.0001182556152, "_step": 71, "eval/loss": 0.35969147086143494, "eval/runtime": 11.8188, "eval/samples_per_second": 10.153, "eval/steps_per_second": 10.153, "train_runtime": 893.4217, "train_samples_per_second": 2.541, "train_steps_per_second": 0.078, "total_flos": 9.613939090521293e+16, "train_loss": 0.4238168201276234, "_wandb": {"runtime": 961}}