{"eval/loss": 0.24309790134429932, "eval/model_preparation_time": 0.0002, "eval/runtime": 0.6804, "eval/samples_per_second": 17.636, "eval/steps_per_second": 17.636, "train/global_step": 36, "_timestamp": 1727205806.68088, "_runtime": 630.9523620605469, "_step": 39, "train/loss": 0.216, "train/grad_norm": 2.3125, "train/learning_rate": 0.0, "train/epoch": 1.9726027397260273, "train_runtime": 621.2154, "train_samples_per_second": 3.76, "train_steps_per_second": 0.058, "total_flos": 4.373841580127846e+16, "train_loss": 0.2464757247103585, "_wandb": {"runtime": 2514}}