{"train/loss": 0.1538, "train/learning_rate": 5.6928063565660955e-06, "train/epoch": 1.53, "train/global_step": 129, "_timestamp": 1718681955.2094657, "_runtime": 1762.894390821457, "_step": 128}