{"train/loss": 0.132, "train/learning_rate": 9.52947506096365e-07, "train/epoch": 2.22, "train/global_step": 187, "_timestamp": 1718664926.250832, "_runtime": 2649.1823120117188, "_step": 188, "eval/loss": 0.16369843482971191, "eval/runtime": 39.5171, "eval/samples_per_second": 15.158, "eval/steps_per_second": 7.592}