{"train/loss": 0.1536, "train/grad_norm": 1.609375, "train/learning_rate": 8.5e-06, "train/epoch": 0.9645390070921985, "train/global_step": 17, "_timestamp": 1723750090.1940782, "_runtime": 950.2131953239441, "_step": 17, "eval/loss": 0.15531481802463531, "eval/runtime": 15.4772, "eval/samples_per_second": 15.377, "eval/steps_per_second": 7.689, "_wandb": {"runtime": 1000}}