{"train/loss": 0.086, "train/learning_rate": 0.0, "train/epoch": 1.99, "train/global_step": 70, "_timestamp": 1723579868.634453, "_runtime": 2009.8781609535217, "_step": 72, "eval/loss": 0.13018275797367096, "eval/runtime": 15.3488, "eval/samples_per_second": 15.506, "eval/steps_per_second": 7.753, "train/train_runtime": 1990.9552, "train/train_samples_per_second": 4.532, "train/train_steps_per_second": 0.035, "train/total_flos": 2.6852425348374528e+17, "train/train_loss": 0.1326253797326769, "_wandb": {"runtime": 2032}}