{"train/loss": 0.2345, "train/learning_rate": 0.0, "train/epoch": 1.93, "train/global_step": 34, "_timestamp": 1723587321.4494588, "_runtime": 1942.688887834549, "_step": 36, "eval/loss": 0.22166025638580322, "eval/runtime": 15.4626, "eval/samples_per_second": 15.392, "eval/steps_per_second": 7.696, "train/train_runtime": 1923.2545, "train/train_samples_per_second": 4.692, "train/train_steps_per_second": 0.018, "train/total_flos": 2.6013650951272858e+17, "train/train_loss": 0.24968982005820556, "_wandb": {"runtime": 1975}}