{"train/loss": 0.0661, "train/learning_rate": 0.0, "train/epoch": 3.86, "train/global_step": 68, "_timestamp": 1723482903.3011982, "_runtime": 3645.1269681453705, "_step": 72, "eval/loss": 0.13234849274158478, "eval/runtime": 14.5858, "eval/samples_per_second": 16.317, "eval/steps_per_second": 8.159, "train/train_runtime": 3629.6647, "train/train_samples_per_second": 4.972, "train/train_steps_per_second": 0.019, "train/total_flos": 5.0464776585835315e+17, "train/train_loss": 0.12354459953220452, "_wandb": {"runtime": 3660}}