{"train/loss": 0.1796, "train/learning_rate": 0.0, "train/epoch": 1.99, "train/global_step": 70, "_timestamp": 1719959899.1735187, "_runtime": 1713.7960736751556, "_step": 72, "eval/loss": 0.19733230769634247, "eval/runtime": 13.5839, "eval/samples_per_second": 17.521, "eval/steps_per_second": 8.76, "train/train_runtime": 1700.6362, "train/train_samples_per_second": 5.306, "train/train_steps_per_second": 0.041, "train/total_flos": 2.3198853903792538e+17, "train/train_loss": 0.2474122247525624, "_wandb": {"runtime": 1729}}