{"train/loss": 0.0924, "train/learning_rate": 0.0, "train/epoch": 1.99, "train/global_step": 70, "_timestamp": 1719967747.8620558, "_runtime": 2039.9436008930206, "_step": 72, "eval/loss": 0.12733493745326996, "eval/runtime": 17.7165, "eval/samples_per_second": 13.434, "eval/steps_per_second": 6.717, "train/train_runtime": 2020.5178, "train/train_samples_per_second": 4.466, "train/train_steps_per_second": 0.035, "train/total_flos": 2.7375929867884954e+17, "train/train_loss": 0.13042972864849225, "_wandb": {"runtime": 2056}}