{"train/loss": 0.5748, "train/learning_rate": 5.000000000000001e-07, "train/epoch": 0.01, "train/global_step": 1, "_timestamp": 1719962730.0238814, "_runtime": 30.616267442703247, "_step": 0}