{"eval/loss": 0.4459250271320343, "eval/model_preparation_time": 0.0002, "eval/runtime": 5.6175, "eval/samples_per_second": 3.204, "eval/steps_per_second": 3.204, "train/global_step": 15, "_timestamp": 1726964128.6296215, "_runtime": 395.61329555511475, "_step": 15, "train/loss": 0.4368, "train/grad_norm": 8.125, "train/learning_rate": 7.5e-07, "train/epoch": 0.2772963604852686, "_wandb": {"runtime": 409}}