{"train/loss": 0.223, "train/grad_norm": 2.546875, "train/learning_rate": 0.0, "train/epoch": 1.915492957746479, "train/global_step": 34, "_timestamp": 1726873215.366394, "_runtime": 216.8095359802246, "_step": 36, "eval/loss": 0.23426714539527893, "eval/runtime": 1.1171, "eval/samples_per_second": 26.856, "eval/steps_per_second": 7.162, "train_runtime": 207.4953, "train_samples_per_second": 5.456, "train_steps_per_second": 0.164, "total_flos": 1.538639930130432e+16, "train_loss": 0.4165743457920411, "_wandb": {"runtime": 367}}