{"train/loss": 0.1494, "train/learning_rate": 4.725274725274726e-06, "train/epoch": 0.67, "train/global_step": 25, "_timestamp": 1719166864.0970104, "_runtime": 666.4628202915192, "_step": 24}