{"train/loss": 0.1202, "train/learning_rate": 0.0, "train/epoch": 1.93, "train/global_step": 34, "_timestamp": 1723525919.3963144, "_runtime": 1906.143283367157, "_step": 36, "eval/loss": 0.13179542124271393, "eval/runtime": 15.0502, "eval/samples_per_second": 15.814, "eval/steps_per_second": 7.907, "train/train_runtime": 1890.4583, "train/train_samples_per_second": 4.773, "train/train_steps_per_second": 0.018, "train/total_flos": 2.600804026958807e+17, "train/train_loss": 0.1683611573980135, "_wandb": {"runtime": 2187}}