{"train/loss": 0.1413, "train/learning_rate": 7.800000000000002e-06, "train/epoch": 0.88, "train/global_step": 31, "_timestamp": 1723578554.278903, "_runtime": 820.70343708992, "_step": 30, "_wandb": {"runtime": 828}}