{"train/loss": 0.5738, "train/learning_rate": 5.357142857142857e-07, "train/epoch": 0.03, "train/global_step": 3, "_timestamp": 1718666878.0251694, "_runtime": 49.091206312179565, "_step": 2}