{"train/loss": 0.2409, "train/learning_rate": 4.217289288682109e-06, "train/epoch": 0.99, "train/global_step": 93, "_timestamp": 1718668060.9393454, "_runtime": 1232.0053822994232, "_step": 92, "_wandb": {"runtime": 1239}}