{"train/loss": 0.1142, "train/grad_norm": 0.9296875, "train/learning_rate": 0.0, "train/epoch": 1.9290780141843973, "train/global_step": 34, "_timestamp": 1723762491.750222, "_runtime": 2031.5026540756226, "_step": 36, "eval/loss": 0.13881821930408478, "eval/runtime": 15.3213, "eval/samples_per_second": 15.534, "eval/steps_per_second": 7.767, "train_runtime": 2015.5102, "train_samples_per_second": 4.477, "train_steps_per_second": 0.017, "total_flos": 2.607863759499264e+17, "train_loss": 0.1708996219231802, "_wandb": {"runtime": 2047}}