{"train/loss": 0.3544, "train/learning_rate": 0.0, "train/epoch": 0.98, "train/global_step": 46, "_timestamp": 1718587024.5190122, "_runtime": 369.20055317878723, "_step": 46, "train/train_runtime": 360.4804, "train/train_samples_per_second": 4.147, "train/train_steps_per_second": 0.128, "train/total_flos": 4.592815769252659e+16, "train/train_loss": 0.3910957166682119, "_wandb": {"runtime": 385}}