{"train/loss": 0.3124, "train/learning_rate": 0.0, "train/epoch": 2.99, "train/global_step": 111, "_timestamp": 1719171115.2399573, "_runtime": 1704.9474964141846, "_step": 114, "eval/loss": 0.3466813266277313, "eval/runtime": 7.9258, "eval/samples_per_second": 31.543, "eval/steps_per_second": 15.771, "train/train_runtime": 1689.7468, "train/train_samples_per_second": 8.433, "train/train_steps_per_second": 0.066, "train/total_flos": 1.8261670163010355e+17, "train/train_loss": 0.430377958057163, "_wandb": {"runtime": 1729}}