{"train/loss": 0.1515, "train/learning_rate": 0.0, "train/epoch": 2.97, "train/global_step": 108, "_timestamp": 1719623081.6849027, "_runtime": 2697.701874732971, "_step": 111, "eval/loss": 0.17120030522346497, "eval/runtime": 14.6524, "eval/samples_per_second": 16.721, "eval/steps_per_second": 8.395, "train/train_runtime": 2683.1297, "train/train_samples_per_second": 5.205, "train/train_steps_per_second": 0.04, "train/total_flos": 3.649217537582776e+17, "train/train_loss": 0.20910147425753098, "_wandb": {"runtime": 2719}}