{"train/loss": 0.1144, "train/learning_rate": 0.0, "train/epoch": 2.93, "train/global_step": 87, "_timestamp": 1718735308.117128, "_runtime": 2470.4849557876587, "_step": 90, "eval/loss": 0.1326039731502533, "eval/runtime": 13.0796, "eval/samples_per_second": 15.291, "eval/steps_per_second": 7.646, "train/train_runtime": 2457.4815, "train/train_samples_per_second": 4.639, "train/train_steps_per_second": 0.035, "train/total_flos": 3.411498898498683e+17, "train/train_loss": 0.13813916148467995, "_wandb": {"runtime": 2492}}