{"train/loss": 0.1153, "train/learning_rate": 0.0, "train/epoch": 1.93, "train/global_step": 34, "_timestamp": 1723659126.1591341, "_runtime": 1905.5129041671753, "_step": 36, "eval/loss": 0.13928289711475372, "eval/runtime": 15.1188, "eval/samples_per_second": 15.742, "eval/steps_per_second": 7.871, "train/train_runtime": 1889.2901, "train/train_samples_per_second": 4.776, "train/train_steps_per_second": 0.018, "train/total_flos": 2.6014101246753178e+17, "train/train_loss": 0.17153123766183853, "_wandb": {"runtime": 1932}}