{"train/loss": 0.1206, "train/grad_norm": 0.9921875, "train/learning_rate": 0.0, "train/epoch": 1.9290780141843973, "train/global_step": 34, "_timestamp": 1723679282.3159504, "_runtime": 2067.1503624916077, "_step": 36, "eval/loss": 0.13474078476428986, "eval/runtime": 15.3495, "eval/samples_per_second": 15.505, "eval/steps_per_second": 7.753, "train_runtime": 2051.09, "train_samples_per_second": 4.4, "train_steps_per_second": 0.017, "total_flos": 2.6103890165528986e+17, "train_loss": 0.1804700559552978, "_wandb": {"runtime": 2091}}