{"train/loss": 0.1275, "train/learning_rate": 0.0, "train/epoch": 3.0, "train/global_step": 126, "_timestamp": 1718588606.9933534, "_runtime": 1032.3127174377441, "_step": 129, "eval/loss": 0.1850316822528839, "eval/runtime": 10.1271, "eval/samples_per_second": 14.812, "eval/steps_per_second": 7.406, "train/train_runtime": 1023.6899, "train/train_samples_per_second": 3.942, "train/train_steps_per_second": 0.123, "train/total_flos": 1.260454500238295e+17, "train/train_loss": 0.18532611932309848, "_wandb": {"runtime": 1081}}