{"eval/loss": 0.5361144542694092, "eval/model_preparation_time": 0.0002, "eval/runtime": 6.0841, "eval/samples_per_second": 2.301, "eval/steps_per_second": 2.301, "train/global_step": 1, "_timestamp": 1727144208.0740297, "_runtime": 102.34757375717163, "_step": 1, "train/loss": 0.5564, "train/grad_norm": 11.0625, "train/learning_rate": 5e-08, "train/epoch": 0.0481203007518797, "_wandb": {"runtime": 117}}