{"train/loss": 0.1412, "train/learning_rate": 0.0, "train/epoch": 1.93, "train/global_step": 34, "_timestamp": 1723661189.2613673, "_runtime": 1901.15465426445, "_step": 36, "eval/loss": 0.15298400819301605, "eval/runtime": 14.8823, "eval/samples_per_second": 15.992, "eval/steps_per_second": 7.996, "train/train_runtime": 1884.9494, "train/train_samples_per_second": 4.787, "train/train_steps_per_second": 0.018, "train/total_flos": 2.5963145810200166e+17, "train/train_loss": 0.19707678652861538, "_wandb": {"runtime": 1926}}