{"train/loss": 0.2915, "train/learning_rate": 5.500000000000001e-06, "train/epoch": 0.31, "train/global_step": 11, "_timestamp": 1719962311.179386, "_runtime": 266.45248198509216, "_step": 10, "_wandb": {"runtime": 264}}