{"train/loss": 0.1425, "train/grad_norm": 1.15625, "train/learning_rate": 0.0, "train/epoch": 1.9290780141843973, "train/global_step": 34, "_timestamp": 1723689483.793189, "_runtime": 2011.2461421489716, "_step": 36, "eval/loss": 0.1508190929889679, "eval/runtime": 15.4124, "eval/samples_per_second": 15.442, "eval/steps_per_second": 7.721, "train_runtime": 1995.1029, "train_samples_per_second": 4.523, "train_steps_per_second": 0.017, "total_flos": 2.6084230264858214e+17, "train_loss": 0.1913479728733792, "_wandb": {"runtime": 2027}}