{"train/loss": 0.3431, "train/learning_rate": 3.846153846153847e-06, "train/epoch": 0.24, "train/global_step": 10, "_timestamp": 1718587651.1390262, "_runtime": 76.45839023590088, "_step": 9}