{"eval/loss": 0.2700399160385132, "eval/model_preparation_time": 0.0002, "eval/runtime": 6.9467, "eval/samples_per_second": 2.879, "eval/steps_per_second": 2.879, "train/global_step": 10, "_timestamp": 1727289720.4633603, "_runtime": 224.93242239952087, "_step": 10, "train/loss": 0.2802, "train/grad_norm": 9.8125, "train/learning_rate": 5e-07, "train/epoch": 0.1628498727735369, "_wandb": {"runtime": 241}}