{"eval/loss": 0.4496571123600006, "eval/model_preparation_time": 0.0002, "eval/runtime": 6.3061, "eval/samples_per_second": 2.854, "eval/steps_per_second": 1.427, "train/global_step": 4, "_timestamp": 1726964319.7958405, "_runtime": 88.72108554840088, "_step": 4, "train/loss": 0.5025, "train/grad_norm": 9.75, "train/learning_rate": 2e-07, "train/epoch": 0.03695150115473441, "_wandb": {"runtime": 94}}