{"train/loss": 0.1681, "train/learning_rate": 4.8351648351648355e-06, "train/epoch": 0.62, "train/global_step": 23, "_timestamp": 1719164625.721331, "_runtime": 619.3765978813171, "_step": 22}