{"train/loss": 0.2162, "train/learning_rate": 2.7500000000000004e-06, "train/epoch": 0.3, "train/global_step": 11, "_timestamp": 1719164309.2564614, "_runtime": 302.9117283821106, "_step": 10}