{"train/loss": 0.2104, "train/learning_rate": 0.0, "train/epoch": 2.97, "train/global_step": 222, "_timestamp": 1718659576.880789, "_runtime": 1680.7400290966034, "_step": 225, "eval/loss": 0.23596705496311188, "eval/runtime": 17.6163, "eval/samples_per_second": 15.1, "eval/steps_per_second": 7.55, "train/train_runtime": 1670.1487, "train/train_samples_per_second": 4.288, "train/train_steps_per_second": 0.133, "train/total_flos": 2.1862948793462784e+17, "train/train_loss": 0.2621318585835062, "_wandb": {"runtime": 1702}}