{"train/loss": 0.1069, "train/learning_rate": 0.0, "train/epoch": 1.93, "train/global_step": 34, "_timestamp": 1723425618.0498059, "_runtime": 1990.1812098026276, "_step": 36, "eval/loss": 0.1235215812921524, "eval/runtime": 15.8894, "eval/samples_per_second": 14.979, "eval/steps_per_second": 7.489, "train/train_runtime": 1971.8937, "train/train_samples_per_second": 4.576, "train/train_steps_per_second": 0.017, "train/total_flos": 2.6589191616489062e+17, "train/train_loss": 0.1571854065884562, "_wandb": {"runtime": 2012}}