{"train/loss": 0.1311, "train/learning_rate": 0.0, "train/epoch": 1.93, "train/global_step": 34, "_timestamp": 1723656382.028451, "_runtime": 1913.0736739635468, "_step": 36, "eval/loss": 0.14325875043869019, "eval/runtime": 15.1707, "eval/samples_per_second": 15.688, "eval/steps_per_second": 7.844, "train/train_runtime": 1897.5802, "train/train_samples_per_second": 4.756, "train/train_steps_per_second": 0.018, "train/total_flos": 2.5988938735312896e+17, "train/train_loss": 0.1854537497548496, "_wandb": {"runtime": 1934}}