{"train/loss": 0.1319, "train/grad_norm": 1.0546875, "train/learning_rate": 0.0, "train/epoch": 1.9290780141843973, "train/global_step": 34, "_timestamp": 1723675015.8345206, "_runtime": 2025.7302894592285, "_step": 36, "eval/loss": 0.14243380725383759, "eval/runtime": 14.9957, "eval/samples_per_second": 15.871, "eval/steps_per_second": 7.936, "train_runtime": 2009.605, "train_samples_per_second": 4.49, "train_steps_per_second": 0.017, "total_flos": 2.608004251689124e+17, "train_loss": 0.18026636957245715, "_wandb": {"runtime": 4051}}