{"eval/loss": 0.4604783058166504, "eval/model_preparation_time": 0.0002, "eval/runtime": 7.3071, "eval/samples_per_second": 2.463, "eval/steps_per_second": 0.684, "train/global_step": 1, "_timestamp": 1726964385.0711577, "_runtime": 44.526129722595215, "_step": 1, "train/loss": 0.361, "train/grad_norm": 6.1875, "train/learning_rate": 5e-08, "train/epoch": 0.009237875288683603, "_wandb": {"runtime": 61}}