{"train/loss": 0.3207, "train/grad_norm": 1.8671875, "train/learning_rate": 0.0, "train/epoch": 0.9739130434782609, "train/global_step": 28, "_timestamp": 1726874396.8590078, "_runtime": 309.1024408340454, "_step": 29, "eval/loss": 0.33415868878364563, "eval/runtime": 4.7038, "eval/samples_per_second": 10.417, "eval/steps_per_second": 10.417, "train_runtime": 291.0044, "train_samples_per_second": 3.161, "train_steps_per_second": 0.096, "total_flos": 2.778778338945024e+16, "train_loss": 0.48632644010441645, "_wandb": {"runtime": 317}}