{"train/loss": 0.0911, "train/learning_rate": 0.0, "train/epoch": 1.99, "train/global_step": 70, "_timestamp": 1723580673.0919485, "_runtime": 1976.3865416049957, "_step": 72, "eval/loss": 0.1275954693555832, "eval/runtime": 15.0663, "eval/samples_per_second": 15.797, "eval/steps_per_second": 7.898, "train/train_runtime": 1957.652, "train/train_samples_per_second": 4.61, "train/train_steps_per_second": 0.036, "train/total_flos": 2.6984262859102618e+17, "train/train_loss": 0.12826234634433473, "_wandb": {"runtime": 5838}}