{"train/loss": 0.1394, "train/grad_norm": 1.15625, "train/learning_rate": 0.0, "train/epoch": 1.9290780141843973, "train/global_step": 34, "_timestamp": 1723745529.982631, "_runtime": 2027.6959600448608, "_step": 36, "eval/loss": 0.14994670450687408, "eval/runtime": 15.7874, "eval/samples_per_second": 15.075, "eval/steps_per_second": 7.538, "train_runtime": 2011.3941, "train_samples_per_second": 4.486, "train_steps_per_second": 0.017, "total_flos": 2.6006176046299546e+17, "train_loss": 0.1954857926158344, "_wandb": {"runtime": 5539}}