{"eval/loss": 0.1682628095149994, "eval/model_preparation_time": 0.0002, "eval/runtime": 4.2021, "eval/samples_per_second": 4.76, "eval/steps_per_second": 4.76, "train/global_step": 244, "_timestamp": 1727293029.76862, "_runtime": 2912.383381128311, "_step": 247, "train/loss": 0.1834, "train/grad_norm": 1.8125, "train/learning_rate": 0.0, "train/epoch": 1.9867684478371501, "train_runtime": 2888.5181, "train_samples_per_second": 1.361, "train_steps_per_second": 0.084, "total_flos": 3.550871203498967e+17, "train_loss": 0.1895209743229092, "_wandb": {"runtime": 2971}}