{"train/loss": 0.1897, "train/learning_rate": 2.582417582417583e-06, "train/epoch": 1.72, "train/global_step": 64, "_timestamp": 1719164305.9082868, "_runtime": 1449.4728598594666, "_step": 64, "eval/loss": 0.22289800643920898, "eval/runtime": 12.9903, "eval/samples_per_second": 19.245, "eval/steps_per_second": 9.623}