{"train/loss": 0.2774, "train/learning_rate": 5.000000000000001e-07, "train/epoch": 0.06, "train/global_step": 2, "_timestamp": 1718687592.5726452, "_runtime": 38.732503175735474, "_step": 1}