{"train/loss": 0.1703, "train/learning_rate": 0.0, "train/epoch": 2.98, "train/global_step": 105, "_timestamp": 1719859084.1138127, "_runtime": 2591.4742727279663, "_step": 108, "eval/loss": 0.19242729246616364, "eval/runtime": 13.8663, "eval/samples_per_second": 17.164, "eval/steps_per_second": 8.582, "train/train_runtime": 2578.0296, "train/train_samples_per_second": 5.251, "train/train_steps_per_second": 0.041, "train/total_flos": 3.4758272102262374e+17, "train/train_loss": 0.2184103659221104, "_wandb": {"runtime": 2618}}