{"train/loss": 0.1867, "train/learning_rate": 0.0, "train/epoch": 1.93, "train/global_step": 34, "_timestamp": 1723423731.7241247, "_runtime": 1625.6314816474915, "_step": 36, "eval/loss": 0.2061474621295929, "eval/runtime": 12.2491, "eval/samples_per_second": 19.43, "eval/steps_per_second": 9.715, "train/train_runtime": 1609.7743, "train/train_samples_per_second": 5.606, "train/train_steps_per_second": 0.021, "train/total_flos": 2.129932744961065e+17, "train/train_loss": 0.2763247336534893, "_wandb": {"runtime": 1659}}