{"train/loss": 0.2261, "train/learning_rate": 4.230525145286057e-06, "train/epoch": 1.0, "train/global_step": 84, "_timestamp": 1718669573.6051004, "_runtime": 1112.1204543113708, "_step": 83}