{"train/loss": 0.1313, "train/grad_norm": 1.0234375, "train/learning_rate": 0.0, "train/epoch": 1.9290780141843973, "train/global_step": 34, "_timestamp": 1723743128.5873435, "_runtime": 2006.5648415088654, "_step": 36, "eval/loss": 0.14347100257873535, "eval/runtime": 15.0482, "eval/samples_per_second": 15.816, "eval/steps_per_second": 7.908, "train_runtime": 1986.2411, "train_samples_per_second": 4.543, "train_steps_per_second": 0.017, "total_flos": 2.6042595944747827e+17, "train_loss": 0.1846830327721203, "_wandb": {"runtime": 2318}}