{"eval/loss": 0.3989248275756836, "eval/model_preparation_time": 0.0002, "eval/runtime": 1.6592, "eval/samples_per_second": 7.232, "eval/steps_per_second": 7.232, "train/global_step": 36, "_timestamp": 1727205096.3107548, "_runtime": 1260.144924879074, "_step": 39, "train/loss": 0.349, "train/grad_norm": 5.03125, "train/learning_rate": 0.0, "train/epoch": 1.9726027397260273, "train_runtime": 1246.9779, "train_samples_per_second": 1.873, "train_steps_per_second": 0.029, "total_flos": 1.3970151602594611e+17, "train_loss": 0.4177987318899896, "_wandb": {"runtime": 1313}}