{"train/loss": 0.1436, "train/learning_rate": 9.600000000000001e-06, "train/epoch": 0.62, "train/global_step": 22, "_timestamp": 1719963878.2544916, "_runtime": 591.1142745018005, "_step": 21, "_wandb": {"runtime": 605}}