{"train/loss": 0.1893, "train/learning_rate": 0.0, "train/epoch": 2.99, "train/global_step": 96, "_timestamp": 1718686122.0135288, "_runtime": 1447.8702268600464, "_step": 96, "train/train_runtime": 1436.6739, "train/train_samples_per_second": 4.287, "train/train_steps_per_second": 0.067, "train/total_flos": 1.8919637415899136e+17, "train/train_loss": 0.24796929365644851, "_wandb": {"runtime": 1467}}