{"eval/loss": 0.22741320729255676, "eval/model_preparation_time": 0.0002, "eval/runtime": 2.6231, "eval/samples_per_second": 3.812, "eval/steps_per_second": 1.906, "train/global_step": 61, "_timestamp": 1726965673.2700975, "_runtime": 999.3136384487152, "_step": 63, "train/loss": 0.2092, "train/grad_norm": 2.0, "train/learning_rate": 0.0, "train/epoch": 0.9858585858585859, "train_runtime": 981.1193, "train_samples_per_second": 1.009, "train_steps_per_second": 0.062, "total_flos": 1.1284810002751488e+17, "train_loss": 0.27244014134172534, "_wandb": {"runtime": 1035}}