{"train/loss": 0.1657, "train/grad_norm": 1.78125, "train/learning_rate": 8.5e-06, "train/epoch": 0.9645390070921985, "train/global_step": 17, "_timestamp": 1723759929.3061988, "_runtime": 950.2500178813934, "_step": 17, "eval/loss": 0.15896569192409515, "eval/runtime": 15.5897, "eval/samples_per_second": 15.267, "eval/steps_per_second": 7.633}