{"train/loss": 0.3511, "train/learning_rate": 0.0, "train/epoch": 2.99, "train/global_step": 252, "_timestamp": 1718686012.1463075, "_runtime": 3511.629516363144, "_step": 252, "train/train_runtime": 3502.3509, "train/train_samples_per_second": 4.615, "train/train_steps_per_second": 0.072, "train/total_flos": 4.9303689689830195e+17, "train/train_loss": 0.3932647841080787, "_wandb": {"runtime": 3534}}