{"train/loss": 0.1162, "train/learning_rate": 0.0, "train/epoch": 1.93, "train/global_step": 34, "_timestamp": 1723570586.450299, "_runtime": 1940.3157229423523, "_step": 36, "eval/loss": 0.1300024688243866, "eval/runtime": 15.1913, "eval/samples_per_second": 15.667, "eval/steps_per_second": 7.833, "train/train_runtime": 1921.957, "train/train_samples_per_second": 4.695, "train/train_steps_per_second": 0.018, "train/total_flos": 2.6075971845749146e+17, "train/train_loss": 0.1607610414571622, "_wandb": {"runtime": 1962}}