{"train/loss": 0.14, "train/grad_norm": 1.15625, "train/learning_rate": 0.0, "train/epoch": 1.9290780141843973, "train/global_step": 34, "_timestamp": 1723686963.8203351, "_runtime": 2018.063320159912, "_step": 36, "eval/loss": 0.14655621349811554, "eval/runtime": 15.259, "eval/samples_per_second": 15.597, "eval/steps_per_second": 7.799, "train_runtime": 2001.6088, "train_samples_per_second": 4.508, "train_steps_per_second": 0.017, "total_flos": 2.6214491741405184e+17, "train_loss": 0.1913266782374943, "_wandb": {"runtime": 2034}}