{"train/loss": 0.1281, "train/learning_rate": 0.0, "train/epoch": 1.99, "train/global_step": 70, "_timestamp": 1720038911.7205179, "_runtime": 1740.2228717803955, "_step": 72, "eval/loss": 0.1843215823173523, "eval/runtime": 13.6074, "eval/samples_per_second": 17.49, "eval/steps_per_second": 8.745, "train/train_runtime": 1725.4306, "train/train_samples_per_second": 5.23, "train/train_steps_per_second": 0.041, "train/total_flos": 2.3565799690705306e+17, "train/train_loss": 0.2022345442857061, "_wandb": {"runtime": 1753}}