{"train/loss": 0.1398, "train/learning_rate": 0.0, "train/epoch": 1.93, "train/global_step": 34, "_timestamp": 1723526281.632113, "_runtime": 1963.2792220115662, "_step": 36, "eval/loss": 0.15490010380744934, "eval/runtime": 14.9442, "eval/samples_per_second": 15.926, "eval/steps_per_second": 7.963, "train/train_runtime": 1946.7297, "train/train_samples_per_second": 4.635, "train/train_steps_per_second": 0.017, "train/total_flos": 2.6057707861067366e+17, "train/train_loss": 0.1928048585267628, "_wandb": {"runtime": 1982}}