{"train/loss": 0.4824, "train/learning_rate": 5.000000000000001e-07, "train/epoch": 0.06, "train/global_step": 1, "_timestamp": 1723424210.3215086, "_runtime": 58.76248574256897, "_step": 0}