{"train/loss": 0.2404, "train/grad_norm": 1.5078125, "train/learning_rate": 4.600000000000001e-06, "train/epoch": 0.3383259911894273, "train/global_step": 24, "_timestamp": 1726866945.4262612, "_runtime": 262.53183126449585, "_step": 23}