{"train/loss": 0.2701, "train/grad_norm": 1.1640625, "train/learning_rate": 0.0, "train/epoch": 0.986784140969163, "train/global_step": 70, "_timestamp": 1726867613.813262, "_runtime": 930.9188320636749, "_step": 71, "eval/loss": 0.2352639138698578, "eval/runtime": 11.8659, "eval/samples_per_second": 10.113, "eval/steps_per_second": 10.113, "train_runtime": 919.0641, "train_samples_per_second": 2.47, "train_steps_per_second": 0.076, "total_flos": 9.630122710083994e+16, "train_loss": 0.2828987400446619, "_wandb": {"runtime": 969}}