{"train/loss": 0.1279, "train/learning_rate": 0.0, "train/epoch": 1.93, "train/global_step": 34, "_timestamp": 1723526181.143154, "_runtime": 1919.2394587993622, "_step": 36, "eval/loss": 0.21877548098564148, "eval/runtime": 15.1618, "eval/samples_per_second": 15.697, "eval/steps_per_second": 7.849, "train/train_runtime": 1903.8382, "train/train_samples_per_second": 4.74, "train/train_steps_per_second": 0.018, "train/total_flos": 2.5943440879981363e+17, "train/train_loss": 0.17318910710951863, "_wandb": {"runtime": 1943}}