{"train/loss": 0.1125, "train/grad_norm": 0.9765625, "train/learning_rate": 0.0, "train/epoch": 1.9290780141843973, "train/global_step": 34, "_timestamp": 1723697020.3686104, "_runtime": 2018.7065513134003, "_step": 36, "eval/loss": 0.13782712817192078, "eval/runtime": 15.0633, "eval/samples_per_second": 15.8, "eval/steps_per_second": 7.9, "train_runtime": 2001.1319, "train_samples_per_second": 4.509, "train_steps_per_second": 0.017, "total_flos": 2.6201226036554957e+17, "train_loss": 0.1669614275588709, "_wandb": {"runtime": 2034}}