{"train/loss": 0.1184, "train/learning_rate": 0.0, "train/epoch": 1.93, "train/global_step": 34, "_timestamp": 1723659208.9647675, "_runtime": 1948.7635555267334, "_step": 36, "eval/loss": 0.13281400501728058, "eval/runtime": 15.3475, "eval/samples_per_second": 15.507, "eval/steps_per_second": 7.754, "train/train_runtime": 1931.2586, "train/train_samples_per_second": 4.673, "train/train_steps_per_second": 0.018, "train/total_flos": 2.601997309981655e+17, "train/train_loss": 0.17104420482235796, "_wandb": {"runtime": 1973}}