{"train/loss": 0.1448, "train/learning_rate": 0.0, "train/epoch": 2.99, "train/global_step": 111, "_timestamp": 1719172552.629326, "_runtime": 3167.530044078827, "_step": 114, "eval/loss": 0.15625256299972534, "eval/runtime": 16.9749, "eval/samples_per_second": 14.728, "eval/steps_per_second": 7.364, "train/train_runtime": 3151.5363, "train/train_samples_per_second": 4.522, "train/train_steps_per_second": 0.035, "train/total_flos": 4.39485596960342e+17, "train/train_loss": 0.1790982864729993, "_wandb": {"runtime": 3190}}