{"train/loss": 0.6106, "train/grad_norm": 8.75, "train/learning_rate": 8.648648648648649e-07, "train/epoch": 0.43478260869565216, "train/global_step": 25, "_timestamp": 1726873866.5776794, "_runtime": 206.43877243995667, "_step": 24, "_wandb": {"runtime": 208}}